Repositório,Dono,Estrelas,Maturidade (anos),Forks,Releases,Medida,Acoplamento Entre Objetos (CBO),Profundidade da Árvore de Herança (DIT),Falta de Coesão dos Métodos (LCOM),Linhas de Código (LOC)
JavaGuide,Snailclimb,148732,6.87,45765,0,,,,,
hello-algo,krahets,110340,2.37,13740,9,,,,,
java-design-patterns,iluwatar,91006,10.61,26846,0,,,,,
mall,macrozheng,79508,6.96,29093,3,Média,3.9342105263157894,1.2394736842105263,1110.803947368421,132.7671052631579
mall,macrozheng,79508,6.96,29093,3,Mediana,3.0,1.0,13.0,31.5
mall,macrozheng,79508,6.96,29093,3,Desvio Padrão,4.966914318526482,0.43921085880212773,8155.555246123951,261.20182802565046
advanced-java,doocs,77248,6.45,19162,1,,,,,
spring-boot,spring-projects,76464,12.42,40989,300,,,,,
LeetCodeAnimation,MisterBooo,75770,6.28,13977,0,,,,,
elasticsearch,elastic,72013,15.11,25136,174,,,,,
interviews,kdn251,64018,8.09,12918,0,,,,,
Java,TheAlgorithms,61101,8.67,19743,0,,,,,
spring-framework,spring-projects,57557,14.28,38419,327,,,,,
ghidra,NationalSecurityAgency,55399,6.05,6219,42,,,,,
Stirling-PDF,Stirling-Tools,54234,2.14,4497,118,,,,,
guava,google,50591,10.81,10964,48,,,,,
RxJava,ReactiveX,48040,12.19,7605,235,,,,,
jadx,skylot,43192,12.01,5007,30,,,,,
dbeaver,dbeaver,42277,9.41,3600,219,,,,,
JeecgBoot,jeecgboot,41889,6.31,15160,54,,,,,
dubbo,apache,40818,12.75,26506,109,,,,,
termux-app,termux,39800,9.41,4268,91,,,,,
MPAndroidChart,PhilJay,37862,10.9,9035,44,,,,,
tutorials,eugenp,37086,11.89,54405,0,,,,,
arthas,alibaba,36056,6.55,7535,59,,,,,
hello-algorithm,geekxh,35512,4.8,6468,0,,,,,
lottie-android,airbnb,35239,8.45,5438,56,,,,,
halo,halo-dev,34984,6.99,9834,210,,,,,
glide,bumptech,34816,11.7,6148,47,,,,,
netty,netty,33879,14.36,16031,0,,,,,
spring-boot-demo,xkcoding,33493,7.35,10946,0,,,,,
AndroidUtilCode,Blankj,33491,8.64,10708,117,,,,,
leetcode,doocs,33308,6.5,8718,21,,,,,
NewPipe,TeamNewPipe,33235,9.54,3156,135,,,,,
easyexcel,alibaba,33210,7.11,7617,14,,,,,
zxing,zxing,33156,13.44,9384,31,,,,,
selenium,SeleniumHQ,31853,12.18,8365,102,,,,,
nacos,alibaba,30991,6.76,12975,77,,,,,
WxJava,binarywang,30730,9.2,8802,30,,,,,
spring-boot-examples,ityouknow,30401,8.37,12340,0,,,,,
ruoyi-vue-pro,YunaiV,29683,4.15,6414,34,,,,,
kafka,apache,29663,13.6,14239,0,,,,,
hutool,chinabugotech,29620,10.93,7569,149,,,,,
apollo,apolloconfig,29378,9.04,10228,41,,,,,
canal,alibaba,28890,12.18,7648,32,,,,,
SpringAll,wuyouzhuguli,28662,6.88,8182,0,,,,,
xxl-job,xuxueli,28453,9.31,11109,36,,,,,
spring-cloud-alibaba,alibaba,28306,7.3,8384,47,,,,,
druid,alibaba,28088,13.38,8600,51,,,,,
vhr,lenve,27656,7.2,10298,0,,,,,
JCSprout,crossoverJie,27104,7.25,7075,0,,,,,
miaosha,qiurunze123,26276,6.51,6618,0,,,,,
keycloak,keycloak,25984,11.72,7132,76,,,,,
Telegram,DrKLO,25908,11.4,8300,95,,,,,
fastjson,alibaba,25777,13.38,6494,84,,,,,
incubator-seata,apache,25547,6.22,8816,42,,,,,
butterknife,JakeWharton,25530,12.04,4598,0,,,,,
toBeTopJavaer,hollischuang,25424,6.4,5452,0,,,,,
SmartRefreshLayout,scwang90,25050,7.79,4967,14,,,,,
proxyee-down,proxyee-down-org,24903,7.4,4427,49,,,,,
EventBus,greenrobot,24740,12.68,4671,7,,,,,
flink,apache,24640,10.78,13559,0,,,,,
Hystrix,Netflix,24264,12.33,4729,79,,,,,
skywalking,apache,24157,9.36,6567,61,,,,,
libgdx,libgdx,23824,12.61,6472,13,,,,,
bazel,bazelbuild,23782,10.77,4155,186,,,,,
jenkins,jenkinsci,23754,14.33,8982,404,,,,,
redisson,redisson,23668,11.19,5414,166,,,,,
gson,google,23615,10.0,4313,9,,,,,
Mindustry,Anuken,23475,7.88,3041,160,,,,,
openapi-generator,OpenAPITools,23097,6.85,6806,70,,,,,
Sentinel,alibaba,22629,6.96,8083,25,,,,,
source-code-hunter,doocs,22546,5.39,4168,0,,,,,
FizzBuzzEnterpriseEdition,EnterpriseQualityCoding,22209,12.32,773,0,,,,,
ExoPlayer,google,21801,10.77,6039,28,,,,,
SmartTube,yuliskov,21800,4.64,1176,716,,,,,
rocketmq,apache,21614,8.3,11808,21,,,,,
awesome-system-design-resources,ashishps1,21609,1.39,5160,0,,,,,
eladmin,elunez,21546,6.26,7381,1,,,,,
Apktool,iBotPeaches,21514,13.0,3680,25,,,,,
Chat2DB,CodePhiliaX,20888,1.74,2303,43,,,,,
graal,oracle,20696,9.18,1678,32,,,,,
jdk,openjdk,20598,6.5,5752,0,,,,,
GSYVideoPlayer,CarGuo,20585,8.35,4240,48,,,,,
conductor,conductor-oss,20404,1.27,554,19,,,,,
HikariCP,brettwooldridge,20316,11.45,2967,0,,,,,
DoKit,didi,20290,6.59,3143,10,,,,,
shardingsphere,apache,20117,9.17,6792,58,,,,,
mybatis-3,mybatis,19999,12.09,12923,46,,,,,
RxAndroid,ReactiveX,19866,10.58,2947,20,,,,,
dataease,dataease,19599,4.12,3496,91,,,,,
litemall,linlinjava,19535,6.99,7259,8,,,,,
SpringBoot-Labs,yudaocode,19464,6.52,6081,0,,,,,
LSPosed,LSPosed,19452,4.26,3164,39,,,,,
PhotoView,Baseflow,18832,12.67,3931,5,,,,,
cat,dianping,18808,12.29,5428,3,,,,,
DSA-Bootcamp-Java,kunal-kushwaha,18553,3.63,11736,0,,,,,
thingsboard,thingsboard,18432,8.3,5450,65,,,,,
SpringCloudLearning,forezp,17924,7.95,8056,0,,,,,
Algorithms,williamfiset,17753,8.0,4441,0,,,,,
intellij-community,JetBrains,17734,13.47,5363,0,,,,,
antlr4,antlr,17698,15.12,3340,31,,,,,
disruptor,LMAX-Exchange,17674,12.49,3936,14,,,,,
APIJSON,Tencent,17533,8.32,2188,107,,,,,
tinker,Tencent,17255,8.53,3343,59,,,,,
Sa-Token,dromara,17203,5.12,2674,34,,,,,
zipkin,openzipkin,17143,12.79,3101,96,,,,,
fresco,facebook,17099,10.05,3758,55,,,,,
yudao-cloud,YunaiV,16898,5.88,4180,20,,,,,
analysis-ik,infinilabs,16866,13.26,3292,1,,,,,
JustAuth,justauth,16798,6.13,2794,46,,,,,
Android-Universal-Image-Loader,nostra13,16776,13.31,6087,0,,,,,
java8-tutorial,winterbe,16772,11.01,4046,0,,,,,
mybatis-plus,baomidou,16715,8.58,4342,34,,,,,
zheng,shuzheng,16709,8.45,7360,0,,,,,
material-components-android,material-components,16616,8.28,3116,102,,,,,
kestra,kestra-io,16488,5.57,1392,202,,,,,
Grasscutter,Grasscutters,16472,2.92,4470,20,,,,,
springboot-learning-example,JeffLi1993,16442,8.11,7126,0,,,,,
caffeine,ben-manes,16386,10.27,1626,69,,,,,
DataX,alibaba,16291,7.16,5509,7,,,,,
presto,prestodb,16265,12.61,5436,0,,,,,
BigData-Notes,heibaiying,16257,6.02,4271,0,,,,,
Ehviewer_CN_SXJ,xiaojieonly,16208,4.35,442,99,,,,,
SpringBoot-Learning,dyc87112,15769,8.58,4879,0,,,,,
VirtualXposed,android-hacker,15623,7.3,2508,50,,,,,
Android-CleanArchitecture,android10,15532,10.58,3315,0,,,,,
tech-interview-for-developer,gyoogle,15455,5.78,3510,0,,,,,
mockito,mockito,15064,12.43,2595,219,,,,,
questdb,questdb,14984,10.89,1217,84,,,,,
hadoop,apache,14983,10.56,9012,0,,,,,
bytecode-viewer,Konloch,14897,10.43,1170,60,,,,,
flink-learning,zhisheng17,14694,6.21,3926,0,,,,,
CircleImageView,hdodenhof,14542,11.17,3117,0,,,,,
pulsar,apache,14497,8.72,3621,102,,,,,
ARouter,alibaba,14475,8.26,2616,16,,,,,
QMUI_Android,Tencent,14473,7.91,2678,35,,,,,
vert.x,eclipse-vertx,14429,13.76,2087,0,,,,,
logstash,elastic,14380,14.34,3517,174,,,,,
jd-gui,java-decompiler,14374,9.99,2418,18,,,,,
Arduino,arduino,14278,14.51,6997,37,,,,,
quarkus,quarkusio,14221,6.7,2782,368,,,,,
neo4j,neo4j,13965,12.35,2419,72,,,,,
supertokens-core,supertokens,13938,5.2,567,83,,,,,
deeplearning4j,deeplearning4j,13861,11.31,3841,0,,,,,
logger,orhanobut,13847,10.0,2140,16,,,,,
jib,GoogleContainerTools,13830,7.15,1440,164,,,,,
onedev,theonedev,13776,6.36,884,390,,,,,
zuul,Netflix,13647,12.02,2407,15,,,,,
druid,apache,13640,12.41,3730,64,,,,,
Luban,Curzibn,13627,8.65,2247,6,,,,,
spring-analysis,seaswalker,13606,8.52,4184,0,,,,,
AndroidAutoSize,JessYanCoding,13585,6.59,1986,14,,,,,
pinpoint,pinpoint-apm,13543,10.41,3774,59,,,,,
tink,tink-crypto,13521,10.79,1183,21,,,,,
Material-Animations,lgvalle,13512,10.03,2471,0,,,,,
Android-PickerView,Bigkoo,13470,10.22,3456,0,,,,,
piggymetrics,sqshq,13412,9.98,6195,2,,,,,
PictureSelector,LuckSiege,13403,8.2,3035,116,,,,,
doris,apache,13333,7.61,3427,64,,,,,
dolphinscheduler,apache,13324,6.05,4736,52,,,,,
zaproxy,zaproxy,13322,9.79,2341,9,,,,,
mit-deep-learning-book-pdf,janishar,13203,7.95,2772,3,,,,,
Java,DuGuQiuBai,13194,9.32,5094,0,,,,,
mall-learning,macrozheng,13085,5.93,8333,0,,,,,
lombok,projectlombok,13064,15.78,2425,0,,,,,
banner,youth5201314,12970,8.91,2522,0,,,,,
languagetool,languagetool-org,12884,11.61,1421,0,,,,,
conductor,Netflix,12790,8.28,2339,319,,,,,
stetho,facebook,12693,10.15,1128,13,,,,,
greenDAO,greenrobot,12624,13.41,2887,8,,,,,
dex2jar,pxb1988,12585,10.01,2146,8,,,,,
guice,google,12581,10.81,1670,19,,,,,
Matisse,zhihu,12546,7.93,2062,15,,,,,
cryptomator,cryptomator,12536,11.13,1081,183,,,,,
eureka,Netflix,12507,12.65,3762,150,,,,,
spring-boot-admin,codecentric,12501,10.65,3079,131,,,,,
AndroidViewAnimations,daimajia,12453,10.74,2425,9,,,,,
zookeeper,apache,12411,15.98,7273,0,,,,,
AndroidSwipeLayout,daimajia,12399,10.57,2669,18,,,,,
COLA,alibaba,12282,7.11,3138,11,,,,,
Mybatis-PageHelper,pagehelper,12281,10.78,3134,14,,,,,
mall-swarm,macrozheng,12193,5.31,5354,3,,,,,
jedis,redis,11990,14.78,3884,109,,,,,
uCrop,Yalantis,11959,9.2,2192,18,,,,,
metersphere,metersphere,11898,5.12,2645,175,,,,,
VasSonic,Tencent,11850,7.63,1616,10,,,,,
matrix,Tencent,11761,6.27,1894,16,,,,,
android-interview-questions,amitshekhariitbhu,11715,7.69,2299,0,,,,,
grpc-java,grpc,11644,10.28,3882,176,,,,,
fullstack-tutorial,frank-lam,11628,6.93,2441,0,,,,,
webmagic,code4craft,11518,11.91,4175,33,,,,,
realm-java,realm,11485,12.92,1754,0,,,,,
CtCI-6th-Edition,careercup,11402,9.72,4418,0,,,,,
ImmersionBar,gyf-dev,11375,7.92,1903,0,,,,,
kkFileView,kekingcn,11269,7.27,2820,16,,,,,
newbee-mall,newbee-ltd,11267,5.49,2728,0,,,,,
xManager,Team-xManager,11262,4.1,305,50,,,,,
PermissionsDispatcher,permissions-dispatcher,11228,9.59,1439,40,,,,,
OpenRefine,OpenRefine,11195,12.43,2030,68,,,,,
debezium,debezium,11186,9.16,2619,0,,,,,
interview,mission-peace,11138,10.67,5172,0,,,,,
plantuml,plantuml,11115,14.38,1015,53,,,,,
FlycoTabLayout,H07000223,11087,9.36,2415,4,,,,,
jsoup,jhy,11081,15.25,2219,17,,,,,
FileDownloader,lingochamp,11077,9.24,2208,65,,,,,
SlidingMenu,jfeinstein10,11061,12.72,5026,0,,,,,
androidannotations,androidannotations,11044,13.2,2343,0,,,,,
cas,apereo,11040,13.53,3946,289,,,,,
SmarterStreaming,daniulive,11017,8.98,2759,0,,,,,
trino,trinodb,10996,6.16,3129,0,,,,,
javapoet,square,10855,12.13,1387,0,,,,,
vlayout,alibaba,10791,8.05,1792,34,,,,,
platform_frameworks_base,aosp-mirror,10706,16.41,6319,0,,,,,
jvm,doocs,10658,6.74,2288,0,,,,,
Paper,PaperMC,10633,9.16,2465,0,,,,,
android-async-http,android-async-http,10632,14.08,4085,3,,,,,
Java-WebSocket,TooTallNate,10619,15.16,2590,19,,,,,
okhttp-OkGo,jeasonlzy,10610,9.18,2554,14,,,,,
clojure,clojure,10575,14.73,1470,0,,,,,
pkl,apple,10541,1.16,298,13,,,,,
jjwt,jwtk,10538,10.52,1348,7,,,,,
auto,google,10489,11.83,1204,66,,,,,
JiaoZiVideoPlayer,lipangit,10486,9.12,2426,78,,,,,
RxPermissions,tbruyelle,10482,9.47,1318,11,,,,,
kafka-ui,provectus,10453,5.31,1251,25,,,,,
VirtualApp,asLody,10445,8.7,2935,0,,,,,
datahub,datahub-project,10416,9.33,3066,96,,,,,
OpenSearch,opensearch-project,10363,4.13,1991,52,,,,,
MVPArms,JessYanCoding,10282,8.62,2384,25,,,,,
Activiti,Activiti,10268,12.52,6969,1000,,,,,
ViewPagerIndicator,JakeWharton,10121,13.63,4001,0,,,,,
resilience4j,resilience4j,10038,9.79,1380,35,,,,,
lawnchair,LawnchairLauncher,9970,8.04,1272,29,,,,,
Aegis,beemdevelopment,9950,8.59,415,69,,,,,
zfile,zfile-dev,9928,5.58,1864,61,,,,,
glide-transformations,wasabeef,9917,10.19,1407,0,,,,,
easypermissions,googlesamples,9893,9.24,1458,12,,,,,
aws-doc-sdk-examples,awsdocs,9883,8.58,5731,0,,,,,
paascloud-master,paascloud,9870,7.01,4305,0,,,,,
spider-flow,ssssssss-team,9853,4.98,1905,2,,,,,
JsBridge,uknownothingsnow,9824,10.06,2021,0,,,,,
CoreNLP,stanfordnlp,9817,11.73,2713,17,,,,,
MagicIndicator,hackware1993,9765,8.73,1552,12,,,,,
AVLoadingIndicatorView,HarlonWang,9753,9.4,1891,1,,,,,
Fragmentation,YoKeyword,9726,9.07,2112,30,,,,,
starrocks,StarRocks,9692,3.53,1943,133,,,,,
spark,perwendel,9653,13.88,1565,0,,,,,
Android-ObservableScrollView,ksoichiro,9650,10.36,2059,0,,,,,
react-native-camera,react-native-camera,9648,9.97,3541,144,,,,,
spring-boot-api-project-seed,lihengming,9624,7.74,3785,4,,,,,
feign,OpenFeign,9611,11.73,1940,38,,,,,
android-Ultra-Pull-To-Refresh,liaohuqiu,9580,10.35,2650,8,,,,,
android-gif-drawable,koral--,9577,12.13,1781,61,,,,,
DanmakuFlameMaster,bilibili,9569,11.61,2111,5,,,,,
GmsCore,microg,9551,10.91,1840,38,,,,,
Mycat-Server,MyCATApache,9541,10.29,3847,7,,,,,
AndroidSlidingUpPanel,umano,9509,11.8,2263,8,,,,,
Signal-Server,signalapp,9428,11.28,2215,0,,,,,
sonarqube,SonarSource,9404,14.21,2054,59,,,,,
PocketHub,pockethub,9386,13.53,3450,1,,,,,
cim,crossoverJie,9377,6.83,2861,8,,,,,
AgentWeb,Justson,9305,7.85,1646,21,,,,,
spring-reading,xuchengsheng,9283,1.5,1153,0,,,,,
testing-samples,android,9242,10.44,3634,0,,,,,
AndroidNote,GcsSloop,9230,9.2,2141,0,,,,,
CalendarView,huanghaibin-dev,9219,8.02,1813,1,,,,,
xpipe,xpipe-io,9189,2.14,306,96,,,,,
cassandra,apache,9084,15.83,3674,0,,,,,
android-gpuimage,cats-oss,9068,12.46,2273,0,,,,,
JsonPath,json-path,9063,14.15,1669,10,,,,,
spring-security,spring-projects,9020,13.19,6002,213,,,,,
VirtualAPK,didi,9016,7.72,1529,4,,,,,
MaterialDesignLibrary,navasmdc,8984,10.47,2218,3,,,,,
EhViewer,seven332,8964,10.85,960,97,,,,,
Jetpack-MVVM-Best-Practice,KunMinX,8908,5.38,1648,0,,,,,
awesome-leetcode-resources,ashishps1,8873,1.39,2156,0,,,,,
storm,nathanmarz,8821,13.51,1665,0,,,,,
StatusBarUtil,laobie,8806,9.09,1721,0,,,,,
Android_Data,Freelander,8771,9.96,2027,0,,,,,
awesome-java-leetcode,Blankj,8706,7.92,1724,0,,,,,
Android-PullToRefresh,chrisbanes,8700,13.31,4687,0,,,,,
Android-SpinKit,ybq,8650,9.0,1310,0,,,,,
jna,java-native-access,8648,13.89,1684,0,,,,,
jmeter,apache,8633,14.82,2150,10,,,,,
flyway,flyway,8604,12.26,1531,244,,,,,
Calligraphy,chrisjenx,8583,11.25,1091,4,,,,,
AndResGuard,shwenzhang,8581,9.44,1544,4,,,,,
buck,facebook,8559,11.92,1152,57,,,,,
shenyu,apache,8551,6.69,2975,11,,,,,
epoxy,airbnb,8538,8.61,727,76,,,,,
junit4,junit-team,8529,16.18,3279,13,,,,,
react-native-image-picker,react-native-image-picker,8527,9.78,2089,141,,,,,
dropwizard,dropwizard,8524,14.17,3440,176,,,,,
checkstyle,checkstyle,8517,11.55,3818,159,,,,,
karate,karatelabs,8485,8.11,1977,54,,,,,
Android-Debug-Database,amitshekhariitbhu,8461,8.34,873,14,,,,,
BottomBar,roughike,8407,9.01,1500,4,,,,,
hsweb-framework,hs-web,8364,9.17,3050,28,,,,,
tsunami-security-scanner,google,8355,4.79,899,25,,,,,
seatunnel,apache,8347,7.62,1924,49,,,,,
flowable-engine,flowable,8293,8.43,2687,27,,,,,
AndroidPdfViewer,DImuthuUpe,8260,8.79,1936,0,,,,,
shardingsphere-elasticjob,apache,8175,9.52,3286,30,,,,,
testcontainers-java,testcontainers,8161,9.94,1685,81,,,,,
atlas,alibaba,8140,8.05,1475,7,,,,,
MaterialViewPager,florent37,8119,9.9,1478,11,,,,,
LitePal,guolindev,8109,12.08,1586,0,,,,,
im-server,wildfirechat,8099,6.15,1826,103,,,,,
otter,alibaba,8091,11.61,2494,10,,,,,
beam,apache,8041,9.13,4317,48,,,,,
ysoserial,frohoff,8034,10.14,1781,1,,,,,
SimianArmy,Netflix,7982,12.7,1133,4,,,,,
subsampling-scale-image-view,davemorrissey,7938,11.56,1209,21,,,,,
hugo,JakeWharton,7923,11.32,798,0,,,,,
pentaho-kettle,pentaho,7919,11.45,3508,1,,,,,
transmittable-thread-local,alibaba,7875,11.43,1704,58,,,,,
UltimateAndroidReference,aritraroy,7867,7.94,1290,0,,,,,
XPopup,junixapp,7857,6.28,1188,221,,,,,
HomeMirror,HannahMitt,7852,9.57,668,0,,,,,
metrics,dropwizard,7841,15.06,1813,125,,,,,
material-theme-jetbrains,ChrisRM,7805,9.49,448,17,,,,,
LSPatch,LSPosed,7790,4.05,863,9,,,,,
tomcat,apache,7747,13.47,5123,0,,,,,
javacv,bytedeco,7718,10.91,1603,12,,,,,
RxLifecycle,trello-archive,7703,9.67,638,22,,,,,
react-native-svg,software-mansion,7661,9.17,1149,121,,,,,
vjtools,vipshop,7650,6.81,1523,9,,,,,
MVVMHabit,goldze,7644,7.66,1697,3,,,,,
aeron,aeron-io,7629,11.11,912,116,,,,,
graylog2-server,Graylog2,7595,14.84,1083,0,,,,,
MyBookshelf,gedoor,7590,6.77,1814,165,,,,,
baritone,cabaletta,7585,6.63,1524,78,,,,,
android-classyshark,google,7562,9.44,870,17,,,,,
Shadow,Tencent,7550,5.76,1315,5,,,,,
RxJava-Android-Samples,kaushikgopal,7538,10.66,1373,0,,,,,
AndroidAsync,koush,7536,12.57,1561,0,,,,,
PojavLauncher,PojavLauncherTeam,7485,5.02,1388,126,,,,,
closure-compiler,google,7484,10.93,1158,0,,,,,
algs4,kevin-wayne,7468,9.55,2678,0,,,,,
hellocharts-android,lecho,7443,10.44,1614,14,,,,,
SDE-Interview-Questions,twowaits,7441,7.4,2206,1,,,,,
swagger-core,swagger-api,7417,13.71,2197,112,,,,,
LeetCode,yuanguangxin,7417,5.18,1881,0,,,,,
PowerJob,PowerJob,7383,5.01,1297,50,,,,,
SpringCloud-Learning,dyc87112,7373,8.58,2881,0,,,,,
VBlog,lenve,7367,7.23,2917,0,,,,,
Mapper,abel533,7365,10.33,1628,8,,,,,
HMCL,HMCL-dev,7358,9.74,702,234,,,,,
ShortcutBadger,leolin310148,7351,11.34,1342,0,,,,,
RePlugin,Qihoo360,7307,7.78,1537,19,,,,,
dagger,square,7305,12.63,3071,0,,,,,
Android-Bootstrap,Bearded-Hen,7277,11.38,1421,5,,,,,
mapstruct,mapstruct,7273,12.81,974,35,,,,,
sweet-alert-dialog,pedant,7257,10.42,1934,2,,,,,
TakePhoto,crazycodeboy,7242,9.62,1506,15,,,,,
UltimateRecyclerView,cymcsg,7211,10.14,1420,9,,,,,
WeChatLuckyMoney,geeeeeeeeek,7208,9.47,2211,20,,,,,
xmall,Exrick,7199,7.64,2556,0,,,,,
gocd,gocd,7197,11.27,975,84,,,,,
agera,google,7181,9.25,634,16,,,,,
SmartTabLayout,ogaclejapan,7092,10.09,1338,0,,,,,
MinecraftForge,MinecraftForge,7087,13.14,2729,0,,,,,
ActionBarSherlock,JakeWharton,7085,14.04,3516,32,,,,,
LeetCode-Book,krahets,7060,3.25,813,0,,,,,
KnowStreaming,didi,7052,5.0,1287,23,,,,,
nanohttpd,NanoHttpd,7045,12.61,1705,3,,,,,
iceberg,apache,7035,6.33,2431,26,,,,,
Timber,naman14,7031,9.77,2158,5,,,,,
elasticsearch-sql,NLPchina,7008,10.57,1541,261,,,,,
alluxio,Alluxio,6954,12.24,2944,61,,,,,
error-prone,google,6946,10.58,750,52,,,,,
rest-assured,rest-assured,6928,14.41,1883,0,,,,,
DroidPlugin,DroidPluginTeam,6918,9.56,2523,2,,,,,
netty-socketio,mrniko,6912,13.19,1669,18,,,,,
okhttputils,hongyangAndroid,6869,9.59,2385,0,,,,,
jvm-sandbox,alibaba,6857,7.62,1576,13,,,,,
JavaTutorial,h2pl,6852,6.88,1587,1,,,,,
jimureport,jeecgboot,6850,5.28,1720,25,,,,,
walle,Meituan-Dianping,6812,8.19,1086,1,,,,,
1brc,gunnarmorling,6802,1.22,1988,0,,,,,
DependencyCheck,dependency-check,6796,12.54,1338,82,,,,,
AntennaPod,AntennaPod,6783,12.64,1446,60,,,,,
react-native-push-notification,zo0r,6779,9.26,2053,35,,,,,
angel,Angel-ML,6750,7.9,1594,19,,,,,
rabbitmq-tutorials,rabbitmq,6727,14.5,3571,0,,,,,
mybatis-generator-gui,zouzg,6699,8.86,2536,16,,,,,
AndroidPerformanceMonitor,markzhai,6690,9.17,1024,0,,,,,
AndroidAutoLayout,hongyangAndroid,6676,9.33,1894,0,,,,,
haven,guardianproject,6672,8.05,730,37,,,,,
gnirehtet,Genymobile,6656,8.1,616,12,,,,,
BookReader,smuyyh,6645,8.62,1882,0,,,,,
springcloud-learning,macrozheng,6643,5.53,2804,0,,,,,
AndPermission,yanzhenjie,6632,8.52,1102,0,,,,,
wiremock,wiremock,6630,13.45,1458,49,,,,,
springBoot,527515025,6624,8.36,3152,0,,,,,
storm,apache,6614,11.37,4077,3,,,,,
AndroidPicker,gzu-liyujiang,6596,9.41,1479,57,,,,,
AndroidProject,getActivity,6588,6.4,1377,17,,,,,
Toasty,GrenderG,6587,8.16,809,19,,,,,
itstack-demo-design,fuzhengwei,6566,4.83,1951,0,,,,,
junit5,junit-team,6549,10.19,1526,82,,,,,
Leaf,Meituan-Dianping,6546,6.27,1853,0,,,,,
ansj_seg,NLPchina,6518,12.54,2317,3,,,,,
processing,processing,6503,12.15,1499,48,,,,,
GoGoGo,ZCShou,6494,3.29,756,7,,,,,
zeppelin,apache,6469,9.99,2817,0,,,,,
Android-skin-support,ximsfei,6461,8.18,1090,0,,,,,
quartz,quartz-scheduler,6436,9.03,1959,5,,,,,
RoundedImageView,vinc3m1,6433,12.07,1250,19,,,,,
byte-buddy,raphw,6430,11.32,811,299,,,,,
langchain4j,langchain4j,6426,1.74,1217,43,,,,,
Android-Image-Cropper,ArthurHub,6423,10.18,1383,32,,,,,
smali,JesusFreke,6411,12.49,1083,0,,,,,
Spring-Cloud-Platform,wxiaoqi,6401,7.82,2392,3,,,,,
android-floating-action-button,zendesk,6379,10.5,1452,0,,,,,
java-eight-part,CoderLeixiaoshuai,6374,4.42,1013,0,,,,,
jOOQ,jOOQ,6329,13.93,1214,90,,,,,
async-http-client,AsyncHttpClient,6322,14.04,1595,5,,,,,
JFoenix,sshahine,6313,9.53,1053,0,,,,,
remusic,aa112901,6294,8.99,1924,0,,,,,
richeditor-android,wasabeef,6287,9.97,1199,0,,,,,
ion,koush,6282,11.83,1035,0,,,,,
Recaf,Col-E,6282,7.64,476,169,,,,,
jsonschema2pojo,joelittlejohn,6279,11.74,1660,63,,,,,
hazelcast,hazelcast,6267,13.0,1857,200,,,,,
from-java-to-kotlin,amitshekhariitbhu,6254,7.83,790,0,,,,,
config,lightbend,6220,13.29,962,1,,,,,
spring-cloud-examples,ityouknow,6218,7.89,3082,0,,,,,
micronaut-core,micronaut-projects,6187,7.03,1091,278,,,,,
pig,pig-mesh,6182,5.56,981,19,,,,,
graphql-java,graphql-java,6161,9.7,1126,82,,,,,
CompreFace,exadel-inc,6152,4.7,834,11,,,,,
smile,haifengl,6140,10.33,1138,32,,,,,
SwipeBackLayout,ikew0ng,6122,11.57,1400,0,,,,,
grafika,google,6115,11.25,1463,1,,,,,
hibernate-orm,hibernate,6109,14.46,3617,66,,,,,
MaterialEditText,rengwuxian,6103,10.39,1041,19,,,,,
NumberProgressBar,daimajia,6090,10.88,1400,3,,,,,
hertzbeat,apache,6063,3.12,1070,22,,,,,
vespa,vespa-engine,6052,8.79,625,205,,,,,
gephi,gephi,6052,13.41,1576,19,,,,,
EffectiveAndroidUI,pedrovgs,6024,10.71,1191,0,,,,,
dynamic-load-apk,singwhatiwanna,6020,10.97,1995,0,,,,,
XXPermissions,getActivity,6014,6.76,809,63,,,,,
j2objc,google,6008,11.13,981,0,,,,,
material,rey5137,5999,10.28,1317,10,,,,,
flink-cdc,apache,5995,4.64,2022,21,,,,,
java-jwt,auth0,5988,11.04,933,45,,,,,
physical-web,google,5987,10.47,663,17,,,,,
xUtils3,wyouflf,5982,9.39,1979,9,,,,,
incubator-kie-drools,apache,5974,14.08,2533,5,,,,,
useful-java-links,Vedenin,5961,9.1,1186,0,,,,,
ssm,liyifeng1994,5948,8.75,2749,0,,,,,
robolectric,robolectric,5942,14.56,1373,105,,,,,
springfox,springfox,5936,12.87,1537,12,,,,,
androidmvp,antoniolg,5926,10.96,1571,0,,,,,
material-calendarview,prolificinteractive,5921,10.1,1312,22,,,,,
SoloPi,alipay,5902,6.01,1227,8,,,,,
mini-spring,DerekYRC,5891,4.33,1376,0,,,,,
motan,weibocom,5887,8.91,1772,26,,,,,
SpringBootVulExploit,LandGrey,5884,4.83,1312,0,,,,,
vavr,vavr-io,5870,11.13,640,18,,,,,
btrace,btraceio,5869,10.56,961,33,,,,,
blade,lets-blade,5861,9.78,1173,9,,,,,
zxing-android-embedded,journeyapps,5821,12.31,1279,9,,,,,
jetlinks-community,jetlinks,5819,5.21,1732,19,,,,,
BoomMenu,Nightonke,5802,9.0,1153,0,,,,,
DiscreteScrollView,yarolegovich,5787,8.04,785,2,,,,,
DiskLruCache,JakeWharton,5786,13.21,1177,0,,,,,
tcc-transaction,changmingxie,5785,9.29,2789,8,,,,,
circular-progress-button,dmytrodanylyk,5768,10.78,1181,3,,,,,
camel,apache,5766,15.83,5003,0,,,,,
Fast-Android-Networking,amitshekhariitbhu,5761,8.99,967,10,,,,,
kafdrop,obsidiandynamics,5756,5.81,871,49,,,,,
InfiniteCycleViewPager,Devlight,5737,8.57,829,2,,,,,
google-java-format,google,5729,9.86,872,32,,,,,
datax-web,WeiYe-Jing,5722,5.33,2189,5,,,,,
lanproxy,ffay,5721,8.33,1550,1,,,,,
FastHub,k0shk0sh,5717,8.08,925,63,,,,,
wvp-GB28181-pro,648540858,5715,4.34,1618,0,,,,,
javaparser,javaparser,5712,13.39,1189,53,,,,,
aurora-imui,jpush,5712,8.26,998,42,,,,,
iotdb,apache,5711,6.32,1042,39,,,,,
springside4,springside,5699,13.07,2899,3,,,,,
Discovery,Nepxion,5698,6.74,1432,130,,,,,
traccar,traccar,5696,12.93,2707,55,,,,,
hippo4j,opengoofy,5695,3.75,1204,18,,,,,
hudi,apache,5693,8.26,2466,30,,,,,
SwipeRecyclerView,yanzhenjie,5680,8.62,1098,0,,,,,
QR-Code-generator,nayuki,5678,8.93,1154,5,,,,,
pinot,apache,5673,10.83,1342,20,,,,,
u2020,JakeWharton,5672,11.35,926,0,,,,,
graphhopper,graphhopper,5669,13.08,1677,45,,,,,
hive,apache,5655,15.83,4720,0,,,,,
austin,ZhongFuCheng3y,5648,3.36,1394,0,,,,,
api-samples,youtube,5643,11.28,2998,0,,,,,
IJPay,Javen205,5641,7.88,1378,24,,,,,
react-native-splash-screen,crazycodeboy,5640,8.51,1104,12,,,,,
HTextView,hanks-zyh,5636,9.25,812,0,,,,,
Blurry,wasabeef,5630,9.66,606,0,,,,,
TV,FongMi,5626,2.74,1869,0,,,,,
AndroidImageSlider,daimajia,5624,10.8,1654,5,,,,,
JSqlParser,JSQLParser,5605,13.74,1371,35,,,,,
FlowLayout,hongyangAndroid,5596,9.56,1166,0,,,,,
ShowcaseView,amlcurran,5590,12.6,1285,13,,,,,
lamp-cloud,dromara,5581,7.17,1749,0,,,,,
Android-ZBLibrary,TommyLemon,5560,9.58,1378,25,,,,,
disconf,knightliao,5553,10.81,2283,12,,,,,
MusicBot,jagrosh,5553,8.59,2652,38,,,,,
ListViewAnimations,nhaarman,5550,12.0,1646,14,,,,,
AppManager,MuntashirAkon,5548,4.8,313,72,,,,,
lettuce,redis,5532,10.86,1009,127,,,,,
EdXposed,ElderDrivers,5523,6.16,635,27,,,,,
spring-boot-projects,ZHENFENG13,5519,7.96,1614,0,,,,,
uid-generator,baidu,5506,7.98,1562,0,,,,,
StickyListHeaders,emilsjolander,5501,13.02,1513,16,,,,,
AmazeFileManager,TeamAmaze,5497,10.68,1597,66,,,,,
logisim-evolution,logisim-evolution,5491,10.5,697,30,,,,,
mosby,sockeqwe,5481,9.99,842,15,,,,,
freeline,alibaba,5472,8.62,621,22,,,,,
MagicCamera,wuhaoyu1990,5470,9.19,1624,0,,,,,
AndroidVideoCache,danikula,5455,9.97,1168,20,,,,,
barcodescanner,dm77,5453,11.07,1432,6,,,,,
scribejava,scribejava,5452,14.54,1672,9,,,,,
janusgraph,JanusGraph,5444,8.23,1186,28,,,,,
TapTargetView,KeepSafe,5422,8.52,594,24,,,,,
rebound,facebookarchive,5422,11.44,814,10,,,,,
wechat,motianhuo,5411,9.82,2414,0,,,,,
dubbo-spring-boot-project,apache,5410,7.16,1876,13,,,,,
linuxdeploy,meefik,5410,12.58,691,37,,,,,
jeepay,jeequan,5397,7.6,1828,0,,,,,
FastBle,Jasonchenlijian,5380,8.57,1238,9,,,,,
android-job,Evernote,5370,9.58,558,31,,,,,
socket.io-client-java,socketio,5368,11.89,979,7,,,,,
SystemBarTint,jgilfelt,5360,11.34,1431,3,,,,,
cw-omnibus,commonsguy,5352,13.02,3770,36,,,,,
shimmer-android,facebookarchive,5340,10.05,697,5,,,,,
XRecyclerView,XRecyclerView,5335,9.33,1258,0,,,,,
android-advancedrecyclerview,h6ah4i,5326,10.15,857,1,,,,,
hbase,apache,5307,10.82,3342,45,,,,,
generator,mybatis,5298,12.1,2504,11,,,,,
jetcache,alibaba,5293,7.93,1065,66,,,,,
gradle-retrolambda,evant,5291,11.62,446,37,,,,,
spring-data-examples,spring-projects,5278,11.13,3416,0,,,,,
android-lifecycle,xxv,5274,10.92,677,0,,,,,
VitamioBundle,yixia,5272,12.42,2066,0,,,,,
groovy,apache,5264,9.93,1899,0,,,,,
google-authenticator,google,5258,10.45,973,0,,,,,
Android-Touch-Helper,zfdang,5248,4.42,509,112,,,,,
Side-Menu.Android,Yalantis,5244,10.18,1503,2,,,,,
titan,thinkaurelius,5243,13.06,1009,0,,,,,
thumbnailator,coobird,5234,9.65,797,0,,,,,
twoway-view,lucasr,5230,12.17,1020,0,,,,,
Dexter,Karumi,5222,9.34,670,33,,,,,
FloatingActionButton,Clans,5216,10.0,1129,14,,,,,
okdownload,lingochamp,5215,7.25,779,8,,,,,
BasePopup,razerdp,5213,9.18,761,15,,,,,
Pixiv-Shaft,CeuiLiSA,5212,5.96,195,110,,,,,
springboot-guide,CodingDocs,5208,6.3,1405,0,,,,,
novel,201206030,5205,5.35,1387,12,,,,,
web3j,LFDT-web3j,5192,8.54,1712,118,,,,,
smartTable,huangyanbin,5185,7.36,866,44,,,,,
library,ddd-by-examples,5171,6.18,748,0,,,,,
JS-Sorting-Algorithm,hustcc,5170,8.16,1149,0,,,,,
nifi,apache,5164,10.27,2772,0,,,,,
otto,square,5153,12.73,845,0,,,,,
ctci,careercup,5147,11.99,2312,0,,,,,
strimzi-kafka-operator,strimzi,5145,8.87,1345,146,,,,,
DKVideoPlayer,Doikki,5131,7.94,1051,32,,,,,
views-widgets-samples,android,5108,5.53,3004,0,,,,,
dddsample-core,citerus,5101,10.13,1497,0,,,,,
shattered-pixel-dungeon,00-Evan,5075,10.64,1192,50,,,,,
usb-serial-for-android,mik3y,5072,11.72,1620,33,,,,,
keepass2android,PhilippC,5066,7.49,401,29,,,,,
bitcoinj,bitcoinj,5059,11.33,2505,14,,,,,
reactor-core,reactor,5058,9.36,1222,197,,,,,
Small,wequick,5053,9.31,1107,25,,,,,
picocli,remkop,5045,8.13,434,85,,,,,
Luyten,deathmarine,5036,11.69,1005,17,,,,,
opentsdb,OpenTSDB,5029,14.56,1244,27,,,,,
sodium,CaffeineMC,5018,5.13,833,40,,,,,
android-common,Trinea,5015,12.75,2638,1,,,,,
CameraView,natario1,5014,7.67,951,42,,,,,
YCSB,brianfrankcooper,5013,14.92,2269,55,,,,,
sofa-boot,sofastack,5013,6.96,1267,80,,,,,
android-zxingLibrary,yipianfengye,5012,8.65,1042,0,,,,,
MifareClassicTool,ikarus23,5010,12.1,932,8,,,,,
easy-rules,j-easy,5009,12.03,1080,10,,,,,
pmd,pmd,5007,12.69,1508,101,,,,,
GravitySnapHelper,rubensousa,5006,8.55,617,14,,,,,
UltraViewPager,alibaba,4997,7.97,681,10,,,,,
shopping-management-system,zhanglei-workspace,4994,9.34,2249,0,,,,,
dialogplus,orhanobut,4994,10.27,791,9,,,,,
LayoutManagerGroup,DingMouRen,4985,6.89,679,0,,,,,
QLExpress,alibaba,4984,8.01,1167,10,,,,,
joda-time,JodaOrg,4984,13.85,984,49,,,,,
TelegramBots,rubenlagus,4983,9.18,1264,105,,,,,
spring-mvc-showcase,spring-attic,4982,13.8,3690,0,,,,,
InstaMaterial,frogermcs,4980,10.36,1439,1,,,,,
JustTrustMe,Fuzion24,4978,10.65,809,1,,,,,
XUI,xuexiangjys,4977,6.19,851,23,,,,,
midjourney-proxy,novicezk,4973,1.9,2410,0,,,,,
lwjgl3,LWJGL,4967,12.24,648,21,,,,,
CloudReader,youlookwhat,4963,8.33,1331,25,,,,,
spring-authorization-server,spring-projects,4955,5.0,1324,68,,,,,
mapdb,jankotek,4949,12.59,880,0,,,,,
RxJava2-Android-Samples,amitshekhariitbhu,4949,8.56,1065,0,,,,,
liquibase,liquibase,4948,13.7,1888,101,,,,,
gpmall,2227324689,4948,5.67,1882,0,,,,,
NavigationTabBar,Devlight,4947,8.97,872,13,,,,,
runelite,runelite,4943,8.88,5302,0,,,,,
xpay,Exrick,4935,7.27,1110,0,,,,,
OsmAnd,osmandapp,4932,14.18,1045,1,,,,,
megabasterd,tonikelope,4931,8.47,609,208,,,,,
Geyser,GeyserMC,4931,5.7,710,0,,,,,
RippleEffect,traex,4921,10.43,1078,0,,,,,
react-native-linear-gradient,react-native-linear-gradient,4914,9.97,699,18,,,,,
folding-cell-android,Ramotion,4902,8.96,841,0,,,,,
spring-cloud-netflix,spring-cloud,4899,10.69,2452,18,,,,,
ignite,apache,4897,10.08,1911,0,,,,,
Android-IMSI-Catcher-Detector,CellularPrivacy,4895,11.32,977,48,,,,,
armeria,line,4880,9.34,938,255,,,,,
oshi,oshi,4880,13.11,894,161,,,,,
DesignPattern,youlookwhat,4879,8.41,1435,0,,,,,
roncoo-pay,roncoo,4877,8.66,2577,0,,,,,
react-native-config,lugg,4875,9.07,661,26,,,,,
wgcloud,tianshiyeben,4863,6.17,863,27,,,,,
dynamic-datasource,baomidou,4852,6.89,1206,18,,,,,
sensitive-word,houbb,4843,5.19,660,2,,,,,
cglib,cglib,4837,10.98,891,15,,,,,
bisq,bisq-network,4833,11.02,1277,140,,,,,
reactive-streams-jvm,reactive-streams,4832,11.05,535,0,,,,,
querydsl,querydsl,4831,13.62,880,35,,,,,
java-faker,DiUS,4830,13.79,862,0,,,,,
QAuxiliary,cinit,4829,3.13,348,46,,,,,
WukongCRM-11.0-JAVA,WuKongOpenSource,4829,3.95,734,0,,,,,
typespec,microsoft,4828,3.71,252,109,,,,,
packer-ng-plugin,mcxiaoke,4822,9.32,864,1,,,,,
Transitions-Everywhere,andkulikov,4815,10.43,488,23,,,,,
lucida,claritylab,4806,10.85,879,0,,,,,
openai-java,TheoKanning,4797,4.5,1222,22,,,,,
orientdb,orientechnologies,4784,12.28,874,219,,,,,
jpexs-decompiler,jindrapetrik,4782,10.86,674,168,,,,,
killbill,killbill,4778,12.41,806,149,,,,,
Android-ConvenientBanner,saiwu-bigkoo,4770,10.24,1051,0,,,,,
aviatorscript,killme2008,4767,13.98,869,52,,,,,
rstudio,rstudio,4764,14.28,1112,0,,,,,
calcite,apache,4760,10.73,2414,0,,,,,
react-native-webrtc,react-native-webrtc,4756,9.48,1255,80,,,,,
spotless,diffplug,4755,9.9,464,20,,,,,
AndroidStaggeredGrid,etsy,4749,11.28,1122,7,,,,,
cameraview,google,4742,8.62,1026,0,,,,,
small-spring,fuzhengwei,4739,3.84,1404,0,,,,,
android-tips-tricks,nisrulz,4734,8.56,577,0,,,,,
reflections,ronmamo,4734,11.93,706,3,,,,,
Suwayomi-Server,Suwayomi,4732,4.23,227,56,,,,,
SwitchButton,kyleduo,4731,10.53,868,0,,,,,
Digital,hneemann,4723,8.72,479,35,,,,,
mybatis,tuguangquan,4722,10.38,2373,0,,,,,
baseAdapter,hongyangAndroid,4722,9.63,1195,0,,,,,
spring-boot-best-practice,javastacks,4710,6.36,1293,0,,,,,
Spring-Boot-In-Action,hansonwang99,4705,6.14,1495,0,,,,,
chuck,jgilfelt,4700,8.11,455,5,,,,,
spring-security-oauth,spring-attic,4694,13.65,4029,0,,,,,
mockserver,mock-server,4691,12.06,1085,0,,,,,
ActiveAndroid,pardom-zz,4690,12.34,1033,0,,,,,
MaterialDateTimePicker,wdullaer,4666,10.21,944,54,,,,,
FirebaseUI-Android,firebase,4666,9.7,1844,66,,,,,
cardslib,gabrielemariotti,4650,11.5,1189,27,,,,,
PageIndicatorView,romandanylyk,4640,8.58,565,14,,,,,
blog_demos,zq2599,4633,7.94,1873,0,,,,,
microservices-platform,zlt2000,4633,6.03,1690,30,,,,,
esProc,SPLWare,4627,3.35,343,0,,,,,
spring-cloud-gateway,spring-cloud,4612,8.34,3369,23,,,,,
libsvm,cjlin1,4611,11.52,1635,0,,,,,
JAViewer,SplashCodes,4611,8.83,696,10,,,,,
SpringBoot-Shiro-Vue,Heeexy,4603,7.33,1787,0,,,,,
ribbon,Netflix,4595,12.18,1248,41,,,,,
rocketmq-externals,apache,4590,8.01,3069,0,,,,,
JSON-java,stleary,4586,14.25,2568,23,,,,,
crawler4j,yasserg,4580,13.22,1925,3,,,,,
poi-tl,Sayi,4577,10.0,1057,14,,,,,
SimplifyReader,chentao0707,4576,9.59,1605,0,,,,,
quasar,puniverse,4567,11.98,574,18,,,,,
automq,AutoMQ,4566,1.58,286,57,,,,,
ForestBlog,saysky,4566,7.44,1645,0,,,,,
JGrowing,javagrowing,4565,6.06,936,0,,,,,
micrometer,micrometer-metrics,4563,7.94,1013,255,,,,,
db-tutorial,dunwu,4560,7.61,587,0,,,,,
javacpp,bytedeco,4560,10.91,591,12,,,,,
Depth-LIB-Android-,danielzeller,4557,8.89,591,0,,,,,
Douya,zhanghai,4557,9.13,1143,11,,,,,
sqlbrite,square,4556,10.08,417,9,,,,,
go-lang-idea-plugin,go-lang-plugin-org,4555,14.56,570,21,,,,,
android-crop,jdamcd,4538,11.02,1075,6,,,,,
maven,apache,4537,15.83,2718,23,,,,,
--,981011512,4526,4.75,2245,0,,,,,
concurrent,RedSpider1,4525,6.37,612,0,,,,,
dexposed,alibaba,4524,9.72,1070,0,,,,,
bottomsheet,Flipboard,4522,9.91,595,10,,,,,
simplify,CalebFenton,4516,11.17,445,9,,,,,
Infinity-For-Reddit,Docile-Alligator,4514,6.65,422,173,,,,,
SmoothProgressBar,castorflex,4513,11.31,1005,9,,,,,
GCViewer,chewiebug,4512,13.41,984,5,,,,,
android,nextcloud,4498,8.78,1813,244,,,,,
AndroidHttpCapture,JZ-Darkal,4491,8.42,860,1,,,,,
bilibili-android-client,HotBitmapGG,4491,8.8,1481,1,,,,,
azkaban,azkaban,4490,12.42,1586,48,,,,,
java-algorithms-implementation,phishman3579,4487,11.33,1858,0,,,,,
objectbox-java,objectbox,4481,8.15,309,46,,,,,
NineOldAndroids,JakeWharton,4480,13.28,1535,0,,,,,
allure2,allure-framework,4478,8.81,730,76,,,,,
opengrok,oracle,4473,12.2,765,285,,,,,
AndroidTutorialForBeginners,hussien89aa,4469,8.48,6093,0,,,,,
epic,tiann,4463,7.82,813,5,,,,,
android-mvp-architecture,janishar,4444,8.14,1244,0,,,,,
android-times-square,square,4438,12.13,1185,0,,,,,
Robust,Meituan-Dianping,4436,8.01,808,13,,,,,
JDA,discord-jda,4436,9.27,742,99,,,,,
GT,Tencent,4407,9.18,1033,3,,,,,
DeepLinkDispatch,airbnb,4397,9.77,407,24,,,,,
moco,dreamhead,4391,12.42,1089,1,,,,,
Ant-Media-Server,ant-media,4390,8.05,653,62,,,,,
ticker,robinhood,4386,8.68,464,9,,,,,
WePush,rememberber,4377,7.74,998,58,,,,,
djl,deepjavalibrary,4375,5.38,688,33,,,,,
BottomNavigation,Ashok-Varma,4367,9.0,686,16,,,,,
ipscan,angryip,4359,13.73,743,30,,,,,
shiro,apache,4359,15.56,2313,11,,,,,
leet-code,awangdev,4357,9.9,25,0,,,,,
flink-recommandSystem-demo,water8394,4353,5.84,1474,0,,,,,
GDA-android-reversing-Tool,charles2gan,4349,7.38,535,40,,,,,
Gadgetbridge,Freeyourgadget,4313,10.2,654,0,,,,,
BGARefreshLayout-Android,bingoogolapple,4310,9.81,1000,4,,,,,
h2database,h2database,4307,9.94,1236,23,,,,,
serve,pytorch,4301,5.46,878,24,,,,,
ImagePicker,jeasonlzy,4301,9.14,1032,5,,,,,
jacoco,jacoco,4297,12.7,1162,48,,,,,
android-volley,mcxiaoke,4290,11.83,1558,0,,,,,
frontend-maven-plugin,eirslett,4285,11.55,879,0,,,,,
coursera-android,aporter,4277,11.2,5283,0,,,,,
android-autofittextview,grantland,4269,14.1,690,1,,,,,
CircleIndicator,ongakuer,4268,10.64,708,7,,,,,
java-learning,brianway,4265,9.11,1206,0,,,,,
IoT-Technical-Guide,IoT-Technology,4262,5.96,1075,0,,,,,
dynamic-tp,dromara,4257,3.19,838,17,,,,,
InternetArchitect,bjmashibing,4255,5.41,2861,0,,,,,
dragonwell8,dragonwell-project,4251,6.03,495,38,,,,,
OpenHub,ThirtyDegreesRay,4251,7.69,416,31,,,,,
aurora,linhaojun857,4242,2.58,683,0,,,,,
flutter-webrtc,flutter-webrtc,4237,7.03,1177,122,,,,,
failsafe,failsafe-lib,4232,9.72,299,0,,,,,
spring-ai,spring-projects,4228,1.72,1134,0,,,,,
MallChat,zongzibinbin,4228,2.01,984,0,,,,,
ShineButton,ChadCSong,4220,8.7,547,2,,,,,
tx-lcn,codingapi,4208,7.35,1459,14,,,,,
crate,crate,4195,11.94,576,127,,,,,
CoordinatorTabLayout,hugeterry,4192,8.14,584,0,,,,,
jitsi,jitsi,4189,11.9,981,7,,,,,
FloatWindow,yhaolpz,4188,7.34,653,9,,,,,
camunda-bpm-platform,camunda,4187,12.21,1605,0,,,,,
JKeyboardPanelSwitch,Jacksgong,4186,9.72,687,14,,,,,
spring-boot-starter,mybatis,4184,9.48,1794,31,,,,,
powermock,powermock,4181,10.81,588,16,,,,,
unidbg,zhkl0228,4178,6.06,995,15,,,,,
campus-imaotai,oddfar,4178,1.7,1364,11,,,,,
BGABanner-Android,bingoogolapple,4172,10.4,782,0,,,,,
javassist,jboss-javassist,4169,11.82,710,24,,,,,
open-location-code,google,4168,10.47,491,5,,,,,
aws-sdk-java,aws,4147,14.99,2821,0,,,,,
AndroidWiFiADB,pedrovgs,4146,9.42,479,8,,,,,
zotfile,jlegewie,4142,13.22,289,33,,,,,
malmo,microsoft,4136,8.84,602,21,,,,,
markor,gsantner,4133,7.56,384,76,,,,,
hmily,dromara,4122,7.47,1402,0,,,,,
guide-rpc-framework,Snailclimb,4116,4.85,2115,0,,,,,
Tangram-Android,alibaba,4114,7.97,525,38,,,,,
LoadingDrawable,dinuscxj,4111,8.92,635,0,,,,,
maxwell,zendesk,4095,10.11,1018,213,,,,,
fastexcel,fast-excel,4089,0.45,313,3,,,,,
ExpandableTextView,Manabu-GT,4089,10.84,791,4,,,,,
dolby_beta,nining377,4067,4.83,237,37,,,,,
ViewPagerCards,rubensousa,4067,8.58,608,0,,,,,
tiny-spring,code4craft,4066,11.19,1820,0,,,,,
oblivion,bepass-org,4065,1.1,554,12,,,,,
java-developer-roadmap,s4kibs4mi,4064,5.9,547,0,,,,,
jodd,oblac,4061,12.53,724,37,,,,,
LSPosed_mod,mywalkb,4058,2.97,201,10,,,,,
bistoury,qunarcorp,4056,5.63,831,8,,,,,
CC,luckybilly,4051,7.32,637,0,,,,,
SmartCropper,pqpo,4046,7.62,746,13,,,,,
chunjun,DTStack,4033,6.96,1700,30,,,,,
greys-anatomy,oldmanpushcart,4028,12.33,1212,0,,,,,
streampark,apache,4017,5.81,1028,28,,,,,
XCL-Charts,xcltapestry,4017,10.78,1128,0,,,,,
Bolts-Android,BoltsFramework,4012,11.13,518,11,,,,,
dubbo-admin,apache,4012,7.18,2158,6,,,,,
Telegram-X,TGX-Android,4011,3.58,640,4,,,,,
FloatingActionButton,makovkastar,4004,10.66,815,0,,,,,
Phoenix,Yalantis,4004,10.18,916,1,,,,,
TwinklingRefreshLayout,lcodecorex,4002,9.05,670,0,,,,,
BigImageViewer,Piasy,3986,8.36,404,0,,,,,
hawk,orhanobut,3985,10.08,392,22,,,,,
geoserver,geoserver,3982,13.36,2202,55,,,,,
fastjson2,alibaba,3980,2.92,520,56,,,,,
BadgeView,qstumn,3979,8.11,541,5,,,,,
GuideView,binIoter,3957,8.75,654,0,,,,,
tech-weekly,mercyblitz,3956,6.29,711,0,,,,,
effective-java-3e-source-code,jbloch,3952,6.62,1970,0,,,,,
Aliucord,Aliucord,3949,4.05,171,14,,,,,
interviewGuide,NotFound9,3944,8.91,684,0,,,,,
RichText,zzhoujay,3940,9.66,562,0,,,,,
android-iconify,JoanZapata,3937,11.77,525,0,,,,,
RxJavaSamples,rengwuxian,3937,8.99,857,3,,,,,
XChange,knowm,3935,13.13,1960,0,,,,,
novel-plus,201206030,3932,4.88,1352,25,,,,,
LiveEventBus,JeremyLiao,3929,6.69,553,0,,,,,
XposedInstaller,rovo89,3928,12.96,1519,0,,,,,
jmonkeyengine,jMonkeyEngine,3925,11.0,1132,69,,,,,
DataMiningAlgorithm,linyiqun,3904,10.19,1704,0,,,,,
Conductor,bluelinelabs,3902,9.01,343,36,,,,,
jstorm,alibaba,3901,11.54,1797,22,,,,,
jetty.project,jetty,3898,13.68,1937,113,,,,,
learning-spark,databricks,3890,10.76,2422,0,,,,,
awaitility,awaitility,3881,15.16,247,0,,,,,
Leetcode,fishercoder1534,3879,8.63,1296,0,,,,,
grobid,kermitt2,3876,12.52,472,21,,,,,
BackgroundLibrary,JavaNoober,3874,6.52,470,13,,,,,
xboot,Exrick,3862,6.9,1305,6,,,,,
bitcoin-wallet,bitcoin-wallet,3862,12.97,2126,0,,,,,
sofa-rpc,sofastack,3862,6.94,1184,61,,,,,
screw,pingfangushi,3859,4.74,706,0,,,,,
Launcher3,amirzaidi,3859,7.8,648,22,,,,,
TinyPinyin,promeG,3855,9.47,482,2,,,,,
Timeline-View,vipulasri,3853,9.26,646,15,,,,,
IDDD_Samples,VaughnVernon,3839,11.95,914,0,,,,,
java-tron,tronprotocol,3837,7.23,1444,79,,,,,
ahbottomnavigation,aurelhubert,3835,9.01,687,14,,,,,
MaterialSearchView,MiguelCatalan,3830,9.51,619,6,,,,,
DSBridge-Android,wendux,3823,8.21,623,2,,,,,
ripme,RipMeApp,3822,8.2,630,132,,,,,
CircleProgress,uknownothingsnow,3817,10.39,924,0,,,,,
leetcode-editor,shuzijun,3812,6.0,407,55,,,,,
ShedLock,lukas-krecan,3797,8.27,535,0,,,,,
jabref,JabRef,3787,11.02,2722,44,,,,,
syncthing-android,syncthing,3785,11.07,449,332,,,,,
MarqueeView,sunfusheng,3782,8.8,673,0,,,,,
PeerBanHelper,PBH-BTN,3775,1.11,101,113,,,,,
SuperTextView,lygttpod,3773,8.41,591,39,,,,,
OpenPDF,LibrePDF,3772,8.69,630,73,,,,,
AndServer,yanzhenjie,3767,8.76,768,1,,,,,
mpush,mpusher,3767,8.89,1457,9,,,,,
roboguice,roboguice,3759,12.6,824,0,,,,,
andOTP,andOTP,3755,7.7,366,38,,,,,
My-Blog,ZHENFENG13,3752,6.04,998,0,,,,,
CustomActivityOnCrash,Ereza,3749,10.71,543,12,,,,,
blurkit-android,CameraKit,3744,8.36,312,3,,,,,
lilishop,lilishop,3744,3.84,952,3,,,,,
SwipeDelMenuLayout,mcxtzhang,3743,8.56,641,2,,,,,
sticky-headers-recyclerview,timehop,3743,10.46,754,0,,,,,
react-native-share,react-native-share,3743,9.47,965,133,,,,,
mlkit,googlesamples,3731,4.81,2977,1,,,,,
spruce-android,willowtreeapps,3720,8.07,366,3,,,,,
Terasology,MovingBlocks,3711,14.05,1345,70,,,,,
NullAway,uber,3710,7.55,301,25,,,,,
NoHttp,yanzhenjie,3707,9.64,852,0,,,,,
atmosphere,Atmosphere,3707,14.72,756,0,,,,,
java,kubernetes-client,3705,7.86,1967,53,,,,,
ChatKit,stfalcon-studio,3705,8.12,831,1,,,,,
StylishMusicPlayer,ryanhoo,3703,8.51,767,0,,,,,
Skeleton,ethanhua,3697,7.64,456,0,,,,,
ByteLegend,ByteLegend,3694,4.12,144,0,,,,,
Play-with-Algorithms,liuyubobobo,3685,8.7,1465,0,,,,,
ASimpleCache,yangfuhai,3684,11.64,1241,0,,,,,
BannerViewPager,zhpanvip,3682,7.98,446,56,,,,,
kylin,apache,3682,10.21,1530,1,,,,,
rejoiner,google,3668,7.28,139,3,,,,,
shopizer,shopizer-ecommerce,3665,12.33,3072,18,,,,,
groupie,lisawray,3665,8.55,295,28,,,,,
pdfsam,torakiki,3663,11.48,356,64,,,,,
bundletool,google,3663,6.87,394,63,,,,,
sofa-jraft,sofastack,3663,6.04,1162,31,,,,,
pixel-dungeon,watabou,3662,10.65,1216,0,,,,,
databus,linkedin,3656,12.25,738,0,,,,,
Linkage-RecyclerView,KunMinX,3653,5.91,462,0,,,,,
android-common,litesuits,3647,10.81,1087,0,,,,,
chatgpt-java,PlexPt,3636,2.28,714,24,,,,,
FlatLaf,JFormDesigner,3636,5.58,285,85,,,,,
light-4j,networknt,3635,8.52,636,189,,,,,
RoaringBitmap,RoaringBitmap,3631,11.76,565,34,,,,,
incubator-heron,apache,3629,9.48,593,56,,,,,
JCTools,JCTools,3628,11.36,569,18,,,,,
undertow,undertow-io,3628,12.67,1012,9,,,,,
Android-BluetoothKit,dingjikerbo,3625,9.45,746,0,,,,,
BlurView,Dimezis,3619,8.91,347,29,,,,,
emojicon,rockerhieu,3610,11.17,817,2,,,,,
tablesaw,jtablesaw,3608,9.21,648,79,,,,,
spotbugs,spotbugs,3602,8.37,611,68,,,,,
helidon,helidon-io,3599,6.56,567,119,,,,,
fernflower,fesh0r,3596,10.46,676,0,,,,,
ExplosionField,tyrantgit,3596,9.49,575,0,,,,,
Alink,alibaba,3594,6.47,801,22,,,,,
grpc-spring,grpc-ecosystem,3591,8.22,846,34,,,,,
DropDownMenu,dongjunkun,3590,9.74,786,2,,,,,
NewbieGuide,huburt-Hu,3587,7.64,522,20,,,,,
android-stackblur,kikoso,3582,11.59,646,0,,,,,
cyberduck,iterate-ch,3580,8.16,300,0,,,,,
data-transfer-project,dtinit,3576,7.2,483,61,,,,,
spock,spockframework,3574,14.27,471,25,,,,,
JavaSourceCodeLearning,coderbruis,3573,4.79,597,0,,,,,
android-maps-utils,googlemaps,3570,11.84,1536,47,,,,,
FlexibleAdapter,davideas,3566,9.88,554,30,,,,,
ShadowLayout,lihangleo2,3563,5.69,406,28,,,,,
ThreeTenABP,JakeWharton,3562,9.71,134,0,,,,,
jackson-databind,FasterXML,3560,13.24,1405,0,,,,,
AppUpdate,WVector,3558,7.75,745,3,,,,,
vertx-examples,vert-x3,3557,10.07,2085,0,,,,,
netty-learning,code4craft,3553,11.5,1191,0,,,,,
hackpad,dropbox,3551,9.6,527,0,,,,,
parceler,johncarl81,3548,11.71,272,0,,,,,
MagicaSakura,bilibili,3548,8.74,465,3,,,,,
Android,hmkcode,3544,11.55,3411,0,,,,,
floatingsearchview,arimorty,3540,9.32,667,0,,,,,
retrolambda,luontola,3539,11.67,225,0,,,,,
learning-note,rbmonster,3533,4.76,658,0,,,,,
Store,nytimes,3522,8.3,305,0,,,,,
initializr,spring-io,3521,11.78,1752,16,,,,,
ftgo-application,microservices-patterns,3521,7.4,1359,0,,,,,
camunda,camunda,3520,9.0,641,364,,,,,
RecyclerViewPager,lsjwzh,3520,10.17,665,10,,,,,
AndroRAT,karma9874,3519,4.99,1093,0,,,,,
mcaselector,Querz,3517,6.9,183,68,,,,,
Music-Player,andremion,3516,8.87,700,2,,,,,
brigadier,Mojang,3514,10.51,401,3,,,,,
yacy_search_server,yacy,3510,9.99,443,0,,,,,
SwipeMenuListView,baoyongzhang,3506,10.57,1259,2,,,,,
GeekNews,codeestX,3503,8.61,822,0,,,,,
libstreaming,fyhertz,3500,12.13,1079,0,,,,,
akhq,tchiotludo,3498,6.52,680,41,,,,,
FairEmail,M66B,3492,6.63,654,1000,,,,,
jshERP,jishenghua,3491,8.49,1242,6,,,,,
LoadSir,KingJA,3490,7.54,505,6,,,,,
spring-cloud-kubernetes,spring-cloud,3486,8.26,1041,24,,,,,
android-hidden-api,anggrayudi,3485,9.51,644,2,,,,,
JavaEETest,lenve,3482,8.26,2810,0,,,,,
RxAndroidBle,dariuszseweryn,3481,9.12,589,59,,,,,
kubernetes-client,fabric8io,3480,9.7,1476,119,,,,,
BottomNavigationViewEx,ittianyu,3476,8.35,558,19,,,,,
PreviewSeekBar,rubensousa,3468,8.15,427,10,,,,,
SurveyKing,javahuang,3467,3.53,516,3,,,,,
marshalsec,mbechler,3467,7.82,682,0,,,,,
immutables,immutables,3467,11.7,281,11,,,,,
HaE,gh0stkey,3453,4.98,258,71,,,,,
SSM,crossoverJie,3443,8.74,1335,10,,,,,
QNotified,ferredoxin,3443,5.99,330,28,,,,,
logging-log4j2,apache,3441,11.77,1647,13,,,,,
migration,phodal,3438,5.19,565,0,,,,,
Android-Week-View,alamkanak,3434,10.5,1226,4,,,,,
SeeWeather,xcc3641,3434,9.08,722,2,,,,,
giffun,guolindev,3433,6.14,685,0,,,,,
Iris,IrisShaders,3432,4.4,657,140,,,,,
AlgoDS,sherxon,3432,8.25,609,0,,,,,
MyPerf4J,LinShunKang,3429,7.02,546,23,,,,,
android,cSploit,3421,10.46,1116,33,,,,,
openhab1-addons,openhab,3418,11.5,1682,14,,,,,
maestro,Netflix,3417,0.92,209,0,,,,,
Chronicle-Queue,OpenHFT,3417,11.8,540,520,,,,,
LQRWeChat,GitLqr,3409,8.11,1069,0,,,,,
chatgpt-java,Grt1228,3404,2.1,819,10,,,,,
BubbleSeekBar,woxingxiao,3400,8.37,519,12,,,,,
AxonFramework,AxonFramework,3396,13.3,798,128,,,,,
android-priority-jobqueue,yigit,3394,10.75,393,0,,,,,
signal-cli,AsamK,3392,9.86,315,97,,,,,
volley,google,3386,8.15,754,9,,,,,
red5-server,Red5,3384,11.33,1005,103,,,,,
springdoc-openapi,springdoc,3383,5.68,516,87,,,,,
openj9,eclipse-openj9,3379,7.56,748,50,,,,,
blossom,blossom-editor,3375,1.61,285,17,,,,,
android-butterknife-zelezny,avast,3374,11.24,411,8,,,,,
http-request,kevinsawicki,3374,13.41,844,0,,,,,
AutoDispose,uber,3370,8.24,227,4,,,,,
MyBatis-Spring-Boot,abel533,3370,9.25,1584,0,,,,,
incubator-kie-optaplanner,apache,3362,14.09,957,5,,,,,
Java,HelloWorld521,3355,8.28,1480,0,,,,,
my-site,WinterChenS,3353,6.88,1055,0,,,,,
dinky,DataLinkDC,3348,3.77,1216,29,,,,,
linkis,apache,3347,5.65,1168,32,,,,,
sndcpy,rom1v,3347,4.77,309,2,,,,,
ArchUnit,TNG,3342,7.91,306,40,,,,,
ffmpeg-android-java,cropsly,3338,10.52,831,8,,,,,
DDComponentForAndroid,luojilab,3332,7.53,570,4,,,,,
jvm-tools,aragozin,3327,12.89,522,0,,,,,
Toaster,getActivity,3325,6.5,411,33,,,,,
ScalingLayout,iammert,3321,7.46,317,4,,,,,
archi,ivacf,3320,9.52,494,0,,,,,
uncle-novel,uncle-novel,3312,6.27,508,1,,,,,
concurrency-limits,Netflix,3307,7.27,312,102,,,,,
SuperTextView,chenBingX,3306,7.92,398,33,,,,,
PRDownloader,amitshekhariitbhu,3304,7.35,538,8,,,,,
99-problems,shekhargulati,3304,9.32,912,0,,,,,
igniter,trojan-gfw,3302,6.36,734,33,,,,,
